<?xml version="1.0" encoding="UTF-8"?>
<!DOCTYPE suite SYSTEM "http://testng.org/testng-1.0.dtd">
<suite name="TrieuMinh">

	<test name="Page Object Model Project">
		<classes>
			<class name="tests.TC1_SearchComputerNameTest" />  
			<class name="tests.TC2_AddNewComputerNameTest" />
			<class name="tests.TC3_EditComputerNameTest" />
		    <class name="tests.TC4_DeleteComputerNameTest" /> 
		    <class name="tests.TC5_SearchComputerNameTestFailed" /> 
		</classes>	
	</test> 
</suite> <!-- Suite -->